,descriptor mixto,precision,cobertura,f-medida
0,color+forma,0.8699999999999999,0.7999999999999999,0.8335329341317363
1,color+textura,0.8166666666666667,0.7999999999999999,0.8082474226804124
2,textura+forma,0.5700000000000001,0.6666666666666666,0.61455525606469
3,color+textura+forma,0.8699999999999999,0.7999999999999999,0.8335329341317363
