,C,gamma,Precisión,Cobertura,F1
0,1000.0,0.001,0.8,0.6,0.6857142857142857
1,1000.0,0.1,0.9,0.8,0.8470588235294118
2,5000.0,0.001,0.8357142857142857,0.6666666666666667,0.7416798732171158
3,5000.0,0.1,0.9199999999999999,0.8666666666666666,0.8925373134328357
