,Type,precision,recall,f1
0,Aechmea,1.0,0.6666666666666666,0.8
1,cartucho,0.6666666666666666,0.6666666666666666,0.6666666666666666
2,girasol,1.0,1.0,1.0
3,orquidea,1.0,1.0,1.0
4,rosa,0.5,0.6666666666666666,0.5714285714285715
