,Type,precision,recall,f1
0,Aechmea,0.5,0.6666666666666666,0.5714285714285715
1,cartucho,0.5,0.3333333333333333,0.4
2,girasol,1.0,1.0,1.0
3,orquidea,1.0,0.6666666666666666,0.8
4,rosa,0.5,0.6666666666666666,0.5714285714285715
